id;descricao;valor;data;categoriaID;tipo
1;Receita;1000.0;1762045075410;1;RECEITA
2;Receita;1002.0;1764637104284;1;RECEITA
3;Alimentação;50.0;1762822739238;2;DESPESA
4;Casa luz;30.0;1765501169825;3;DESPESA
5;Outros;36.0;1763082031596;6;DESPESA
6;Lazer;23.05;1766710931121;4;DESPESA
7;Transporte;50.63;1766106228818;5;DESPESA
8;Alimentação;60.0;1766833911421;2;DESPESA
9;Receita extra;250.0;1766883183437;1;RECEITA
10;Outros ;358.0;1766105650115;6;DESPESA
11;Transporte;568.0;1764550567802;5;DESPESA
