{
  "formatVersion": 1,
  "database": {
    "version": 2,
    "identityHash": "f33213b8e15a182e418606f79f1831e0",
    "entities": [
      {
        "tableName": "categorias",
        "createSql": "CREATE TABLE IF NOT EXISTS `${TABLE_NAME}` (`id` INTEGER PRIMARY KEY AUTOINCREMENT NOT NULL, `nome` TEXT NOT NULL)",
        "fields": [
          {
            "fieldPath": "id",
            "columnName": "id",
            "affinity": "INTEGER",
            "notNull": true
          },
          {
            "fieldPath": "nome",
            "columnName": "nome",
            "affinity": "TEXT",
            "notNull": true
          }
        ],
        "primaryKey": {
          "autoGenerate": true,
          "columnNames": [
            "id"
          ]
        },
        "indices": [],
        "foreignKeys": []
      },
      {
        "tableName": "lancamentos",
        "createSql": "CREATE TABLE IF NOT EXISTS `${TABLE_NAME}` (`id` INTEGER PRIMARY KEY AUTOINCREMENT NOT NULL, `descricao` TEXT NOT NULL, `valor` REAL NOT NULL, `data` INTEGER NOT NULL, `categoriaID` INTEGER NOT NULL, `tipo` TEXT NOT NULL, FOREIGN KEY(`categoriaID`) REFERENCES `categorias`(`id`) ON UPDATE NO ACTION ON DELETE CASCADE )",
        "fields": [
          {
            "fieldPath": "id",
            "columnName": "id",
            "affinity": "INTEGER",
            "notNull": true
          },
          {
            "fieldPath": "descricao",
            "columnName": "descricao",
            "affinity": "TEXT",
            "notNull": true
          },
          {
            "fieldPath": "valor",
            "columnName": "valor",
            "affinity": "REAL",
            "notNull": true
          },
          {
            "fieldPath": "data",
            "columnName": "data",
            "affinity": "INTEGER",
            "notNull": true
          },
          {
            "fieldPath": "categoriaID",
            "columnName": "categoriaID",
            "affinity": "INTEGER",
            "notNull": true
          },
          {
            "fieldPath": "tipo",
            "columnName": "tipo",
            "affinity": "TEXT",
            "notNull": true
          }
        ],
        "primaryKey": {
          "autoGenerate": true,
          "columnNames": [
            "id"
          ]
        },
        "indices": [
          {
            "name": "index_lancamentos_categoriaID",
            "unique": false,
            "columnNames": [
              "categoriaID"
            ],
            "orders": [],
            "createSql": "CREATE INDEX IF NOT EXISTS `index_lancamentos_categoriaID` ON `${TABLE_NAME}` (`categoriaID`)"
          }
        ],
        "foreignKeys": [
          {
            "table": "categorias",
            "onDelete": "CASCADE",
            "onUpdate": "NO ACTION",
            "columns": [
              "categoriaID"
            ],
            "referencedColumns": [
              "id"
            ]
          }
        ]
      }
    ],
    "views": [],
    "setupQueries": [
      "CREATE TABLE IF NOT EXISTS room_master_table (id INTEGER PRIMARY KEY,identity_hash TEXT)",
      "INSERT OR REPLACE INTO room_master_table (id,identity_hash) VALUES(42, 'f33213b8e15a182e418606f79f1831e0')"
    ]
  }
}